Date,Close,Close_Prediction
2018-02-07,264.559998,269.84246714253175
2018-02-08,,
2018-02-09,,
2018-02-10,,
2018-02-11,,
2018-02-12,257.950012,255.44167156891507
2018-02-13,,
2018-02-14,,
2018-02-15,,
2018-02-16,278.519989,279.24733198954755
2018-02-17,,
2018-02-18,,
2018-02-19,,
2018-02-20,278.549988,283.5275202039864
2018-02-21,,
2018-02-22,278.140015,277.03853638410976
2018-02-23,,
2018-02-24,,
2018-02-25,,
2018-02-26,,
2018-02-27,,
2018-02-28,,
2018-03-01,,
2018-03-02,,
2018-03-03,,
2018-03-04,,
2018-03-05,,
2018-03-06,,
2018-03-07,321.160004,319.916915406009
2018-03-08,317.0,316.9372794788498
2018-03-09,331.440002,329.53694955684153
2018-03-10,,
2018-03-11,,
2018-03-12,,
2018-03-13,,
2018-03-14,,
2018-03-15,321.089996,319.48676553010426
2018-03-16,318.450012,321.48921681568555
2018-03-17,,
2018-03-18,,
2018-03-19,,
2018-03-20,,
2018-03-21,,
2018-03-22,306.700012,308.24022716007465
2018-03-23,,
2018-03-24,,
2018-03-25,,
2018-03-26,,
2018-03-27,300.690002,302.2592934400013
2018-03-28,,
2018-03-29,,
2018-03-30,,
2018-03-31,,
2018-04-01,,
2018-04-02,,
2018-04-03,,
2018-04-04,,
2018-04-05,,
2018-04-06,288.850006,294.63170382291594
2018-04-07,,
2018-04-08,,
2018-04-09,,
2018-04-10,,
2018-04-11,,
2018-04-12,,
2018-04-13,,
2018-04-14,,
2018-04-15,,
2018-04-16,,
2018-04-17,,
2018-04-18,,
2018-04-19,332.700012,330.2929172660854
2018-04-20,,
2018-04-21,,
2018-04-22,,
2018-04-23,,
2018-04-24,,
2018-04-25,305.76001,298.8582910539719
2018-04-26,,
2018-04-27,,
2018-04-28,,
2018-04-29,,
2018-04-30,,
2018-05-01,,
2018-05-02,,
2018-05-03,311.690002,307.208717448301
2018-05-04,,
2018-05-05,,
2018-05-06,,
2018-05-07,,
2018-05-08,,
2018-05-09,330.299988,330.5500652436542
2018-05-10,,
2018-05-11,,
2018-05-12,,
2018-05-13,,
2018-05-14,,
2018-05-15,,
2018-05-16,,
2018-05-17,,
2018-05-18,,
2018-05-19,,
2018-05-20,,
2018-05-21,,
2018-05-22,331.619995,334.0351173319777
2018-05-23,,
2018-05-24,,
2018-05-25,,
2018-05-26,,
2018-05-27,,
2018-05-28,,
2018-05-29,,
2018-05-30,,
2018-05-31,,
2018-06-01,359.929993,358.29994697102774
2018-06-02,,
2018-06-03,,
2018-06-04,361.809998,357.5487855120572
2018-06-05,365.799988,367.480104155929
2018-06-06,,
2018-06-07,,
2018-06-08,,
2018-06-09,,
2018-06-10,,
2018-06-11,,
2018-06-12,,
2018-06-13,,
2018-06-14,392.869995,393.17574646699563
2018-06-15,391.980011,395.662843051149
2018-06-16,,
2018-06-17,,
2018-06-18,,
2018-06-19,,
2018-06-20,,
2018-06-21,,
2018-06-22,411.089996,412.7306772971845
2018-06-23,,
2018-06-24,,
2018-06-25,,
2018-06-26,,
2018-06-27,390.390015,397.5063296488924
2018-06-28,,
2018-06-29,,
2018-06-30,,
2018-07-01,,
2018-07-02,398.179993,391.5379988320228
2018-07-03,,
2018-07-04,,
2018-07-05,,
2018-07-06,,
2018-07-07,,
2018-07-08,,
2018-07-09,,
2018-07-10,,
2018-07-11,418.649994,418.2093706067895
2018-07-12,,
2018-07-13,395.799988,399.5146131063128
2018-07-14,,
2018-07-15,,
2018-07-16,,
2018-07-17,,
2018-07-18,,
2018-07-19,,
2018-07-20,361.049988,366.6776664454337
2018-07-21,,
2018-07-22,,
2018-07-23,362.660004,359.2075636781844
2018-07-24,,
2018-07-25,362.869995,361.10969518863385
2018-07-26,,
2018-07-27,,
2018-07-28,,
2018-07-29,,
2018-07-30,,
2018-07-31,337.450012,338.31571629699033
2018-08-01,338.380005,341.52039104733035
2018-08-02,,
2018-08-03,,
2018-08-04,,
2018-08-05,,
2018-08-06,,
2018-08-07,,
2018-08-08,,
2018-08-09,,
2018-08-10,345.869995,346.78840470060254
2018-08-11,,
2018-08-12,,
2018-08-13,341.309998,345.3739093692362
2018-08-14,,
2018-08-15,,
2018-08-16,322.440002,324.0307113105094
2018-08-17,,
2018-08-18,,
2018-08-19,,
2018-08-20,,
2018-08-21,,
2018-08-22,344.440002,344.29835520440537
2018-08-23,,
2018-08-24,,
2018-08-25,,
2018-08-26,,
2018-08-27,,
2018-08-28,,
2018-08-29,,
2018-08-30,,
2018-08-31,,
2018-09-01,,
2018-09-02,,
2018-09-03,,
2018-09-04,,
2018-09-05,,
2018-09-06,,
2018-09-07,,
2018-09-08,,
2018-09-09,,
2018-09-10,,
2018-09-11,355.929993,353.33171002515274
2018-09-12,,
2018-09-13,,
2018-09-14,,
2018-09-15,,
2018-09-16,,
2018-09-17,,
2018-09-18,,
2018-09-19,,
2018-09-20,,
2018-09-21,,
2018-09-22,,
2018-09-23,,
2018-09-24,,
2018-09-25,,
2018-09-26,377.880005,379.14900184749393
2018-09-27,,
2018-09-28,,
2018-09-29,,
2018-09-30,,
2018-10-01,,
2018-10-02,,
2018-10-03,,
2018-10-04,363.649994,363.64842106335874
2018-10-05,,
2018-10-06,,
2018-10-07,,
2018-10-08,,
2018-10-09,,
2018-10-10,,
2018-10-11,,
2018-10-12,,
2018-10-13,,
2018-10-14,,
2018-10-15,,
2018-10-16,,
2018-10-17,,
2018-10-18,,
2018-10-19,,
2018-10-20,,
2018-10-21,,
2018-10-22,,
2018-10-23,,
2018-10-24,301.829987,307.9261248812464
2018-10-25,,
2018-10-26,,
2018-10-27,,
2018-10-28,,
2018-10-29,,
2018-10-30,285.809998,285.64335876304756
2018-10-31,,
2018-11-01,317.380005,309.9077435049699
2018-11-02,,
2018-11-03,,
2018-11-04,,
2018-11-05,,
2018-11-06,,
2018-11-07,,
2018-11-08,,
2018-11-09,,
2018-11-10,,
2018-11-11,,
2018-11-12,,
2018-11-13,,
2018-11-14,,
2018-11-15,,
2018-11-16,,
2018-11-17,,
2018-11-18,,
2018-11-19,,
2018-11-20,,
2018-11-21,,
2018-11-22,,
2018-11-23,,
2018-11-24,,
2018-11-25,,
2018-11-26,261.429993,260.23433000572663
2018-11-27,266.630005,265.0476963489178
2018-11-28,,
2018-11-29,288.75,284.2046708481301
2018-11-30,286.130005,286.9913950229255
2018-12-01,,
2018-12-02,,
2018-12-03,290.299988,291.40527139659
2018-12-04,275.329987,283.70178484183623
2018-12-05,,
2018-12-06,,
2018-12-07,265.140015,268.660576652668
2018-12-08,,
2018-12-09,,
2018-12-10,,
2018-12-11,,
2018-12-12,,
2018-12-13,,
2018-12-14,,
2018-12-15,,
2018-12-16,,
2018-12-17,,
2018-12-18,270.940002,273.65401106862913
2018-12-19,,
2018-12-20,,
2018-12-21,,
2018-12-22,,
2018-12-23,,
2018-12-24,,
2018-12-25,,
2018-12-26,,
2018-12-27,,
2018-12-28,,
2018-12-29,,
2018-12-30,,
2018-12-31,,
2019-01-01,,
2019-01-02,,
2019-01-03,271.200012,270.92601540632364
2019-01-04,,
2019-01-05,,
2019-01-06,,
2019-01-07,,
2019-01-08,320.269989,311.7583152748091
2019-01-09,,
2019-01-10,324.660004,322.353763280271
2019-01-11,,
2019-01-12,,
2019-01-13,,
2019-01-14,,
2019-01-15,,
2019-01-16,,
2019-01-17,,
2019-01-18,,
2019-01-19,,
2019-01-20,,
2019-01-21,,
2019-01-22,325.160004,326.43385269632
2019-01-23,,
2019-01-24,,
2019-01-25,338.049988,338.2232308758182
2019-01-26,,
2019-01-27,,
2019-01-28,,
2019-01-29,,
2019-01-30,,
2019-01-31,,
2019-02-01,,
2019-02-02,,
2019-02-03,,
2019-02-04,,
2019-02-05,,
2019-02-06,352.190002,349.2915836619084
2019-02-07,,
2019-02-08,,
2019-02-09,,
2019-02-10,,
2019-02-11,,
2019-02-12,,
2019-02-13,,
2019-02-14,,
2019-02-15,,
2019-02-16,,
2019-02-17,,
2019-02-18,,
2019-02-19,,
2019-02-20,,
2019-02-21,,
2019-02-22,,
2019-02-23,,
2019-02-24,,
2019-02-25,,
2019-02-26,,
2019-02-27,,
2019-02-28,358.100006,361.9799892517521
2019-03-01,,
2019-03-02,,
2019-03-03,,
2019-03-04,,
2019-03-05,,
2019-03-06,,
2019-03-07,,
2019-03-08,,
2019-03-09,,
2019-03-10,,
2019-03-11,,
2019-03-12,,
2019-03-13,,
2019-03-14,,
2019-03-15,,
2019-03-16,,
2019-03-17,,
2019-03-18,,
2019-03-19,,
2019-03-20,,
2019-03-21,377.869995,375.78606359316245
2019-03-22,,
2019-03-23,,
2019-03-24,,
2019-03-25,,
2019-03-26,,
2019-03-27,,
2019-03-28,354.609985,351.4389535654714
2019-03-29,,
2019-03-30,,
2019-03-31,,
2019-04-01,,
2019-04-02,367.720001,364.93318343440365
2019-04-03,,
2019-04-04,,
2019-04-05,,
2019-04-06,,
2019-04-07,,
2019-04-08,,
2019-04-09,,
2019-04-10,,
2019-04-11,,
2019-04-12,,
2019-04-13,,
2019-04-14,,
2019-04-15,,
2019-04-16,,
2019-04-17,,
2019-04-18,,
2019-04-19,,
2019-04-20,,
2019-04-21,,
2019-04-22,,
2019-04-23,381.890015,382.99641897482013
2019-04-24,,
2019-04-25,368.329987,367.80771826083145
2019-04-26,,
2019-04-27,,
2019-04-28,,
2019-04-29,,
2019-04-30,,
2019-05-01,,
2019-05-02,,
2019-05-03,,
2019-05-04,,
2019-05-05,,
2019-05-06,,
2019-05-07,,
2019-05-08,,
2019-05-09,362.75,357.01575283896483
2019-05-10,,
2019-05-11,,
2019-05-12,,
2019-05-13,,
2019-05-14,,
2019-05-15,,
2019-05-16,,
2019-05-17,354.450012,357.03407239125085
2019-05-18,,
2019-05-19,,
2019-05-20,,
2019-05-21,354.269989,354.5733603904093
2019-05-22,,
2019-05-23,,
2019-05-24,,
2019-05-25,,
2019-05-26,,
2019-05-27,,
2019-05-28,,
2019-05-29,,
2019-05-30,351.850006,351.730258002418
2019-05-31,,
2019-06-01,,
2019-06-02,,
2019-06-03,,
2019-06-04,,
2019-06-05,,
2019-06-06,357.130005,355.3481891762272
2019-06-07,360.869995,362.27782376096144
2019-06-08,,
2019-06-09,,
2019-06-10,352.01001,354.8195672712273
2019-06-11,,
2019-06-12,345.559998,346.24315709777267
2019-06-13,343.429993,341.9446814262065
2019-06-14,,
2019-06-15,,
2019-06-16,,
2019-06-17,,
2019-06-18,357.119995,359.02237084643065
2019-06-19,,
2019-06-20,,
2019-06-21,,
2019-06-22,,
2019-06-23,,
2019-06-24,,
2019-06-25,,
2019-06-26,,
2019-06-27,,
2019-06-28,367.320007,367.04988761561
2019-06-29,,
2019-06-30,,
2019-07-01,374.600006,375.0885181122614
2019-07-02,375.429993,372.1400051599746
2019-07-03,,
2019-07-04,,
2019-07-05,,
2019-07-06,,
2019-07-07,,
2019-07-08,,
2019-07-09,,
2019-07-10,381.0,367.44987098686744
2019-07-11,,
2019-07-12,,
2019-07-13,,
2019-07-14,,
2019-07-15,,
2019-07-16,365.98999,367.1845405779315
2019-07-17,,
2019-07-18,325.209991,328.74650494825806
2019-07-19,,
2019-07-20,,
2019-07-21,,
2019-07-22,,
2019-07-23,307.299988,309.17881524365083
2019-07-24,,
2019-07-25,,
2019-07-26,,
2019-07-27,,
2019-07-28,,
2019-07-29,,
2019-07-30,,
2019-07-31,,
2019-08-01,,
2019-08-02,,
2019-08-03,,
2019-08-04,,
2019-08-05,,
2019-08-06,,
2019-08-07,304.290009,300.3259622468211
2019-08-08,,
2019-08-09,,
2019-08-10,,
2019-08-11,,
2019-08-12,,
2019-08-13,,
2019-08-14,,
2019-08-15,,
2019-08-16,,
2019-08-17,,
2019-08-18,,
2019-08-19,,
2019-08-20,298.98999,299.611756715994
2019-08-21,,
2019-08-22,296.929993,295.55645114622007
2019-08-23,,
2019-08-24,,
2019-08-25,,
2019-08-26,,
2019-08-27,291.029999,290.44346068960556
2019-08-28,291.769989,290.7393151294487
2019-08-29,,
2019-08-30,,
2019-08-31,,
2019-09-01,,
2019-09-02,,
2019-09-03,,
2019-09-04,,
2019-09-05,,
2019-09-06,,
2019-09-07,,
2019-09-08,,
2019-09-09,,
2019-09-10,,
2019-09-11,288.269989,290.6385366223378
2019-09-12,288.859985,290.6514616436297
2019-09-13,,
2019-09-14,,
2019-09-15,,
2019-09-16,,
2019-09-17,,
2019-09-18,,
2019-09-19,,
2019-09-20,,
2019-09-21,,
2019-09-22,,
2019-09-23,265.920013,267.8990219168281
2019-09-24,254.589996,257.21164057116056
2019-09-25,,
2019-09-26,263.309998,262.9140364450682
2019-09-27,,
2019-09-28,,
2019-09-29,,
2019-09-30,267.619995,267.1247369565267
2019-10-01,,
2019-10-02,,
2019-10-03,,
2019-10-04,272.790009,273.0888575953929
2019-10-05,,
2019-10-06,,
2019-10-07,274.459991,275.3959164221042
2019-10-08,,
2019-10-09,,
2019-10-10,,
2019-10-11,,
2019-10-12,,
2019-10-13,,
2019-10-14,285.529999,284.91457799306465
2019-10-15,,
2019-10-16,,
2019-10-17,,
2019-10-18,,
2019-10-19,,
2019-10-20,,
2019-10-21,278.049988,276.0755056378101
2019-10-22,,
2019-10-23,271.269989,271.8099720172518
2019-10-24,271.5,271.1714535611958
2019-10-25,,
2019-10-26,,
2019-10-27,,
2019-10-28,281.859985,283.75164354499975
2019-10-29,,
2019-10-30,,
2019-10-31,,
2019-11-01,286.809998,284.53749673096314
2019-11-02,,
2019-11-03,,
2019-11-04,,
2019-11-05,,
2019-11-06,,
2019-11-07,,
2019-11-08,,
2019-11-09,,
2019-11-10,,
2019-11-11,,
2019-11-12,,
2019-11-13,,
2019-11-14,,
2019-11-15,,
2019-11-16,,
2019-11-17,,
2019-11-18,,
2019-11-19,,
2019-11-20,,
2019-11-21,,
2019-11-22,310.480011,307.300894375056
2019-11-23,,
2019-11-24,,
2019-11-25,,
2019-11-26,312.48999,313.70077777357307
2019-11-27,,
2019-11-28,,
2019-11-29,,
2019-11-30,,
2019-12-01,,
2019-12-02,,
2019-12-03,,
2019-12-04,,
2019-12-05,302.859985,300.9731458136187
2019-12-06,,
2019-12-07,,
2019-12-08,,
2019-12-09,,
2019-12-10,,
2019-12-11,,
2019-12-12,,
2019-12-13,,
2019-12-14,,
2019-12-15,,
2019-12-16,,
2019-12-17,,
2019-12-18,,
2019-12-19,,
2019-12-20,,
2019-12-21,,
2019-12-22,,
2019-12-23,,
2019-12-24,,
2019-12-25,,
2019-12-26,,
2019-12-27,,
2019-12-28,,
2019-12-29,,
2019-12-30,323.309998,324.15678985713765
2019-12-31,,
2020-01-01,,
2020-01-02,,
2020-01-03,,
2020-01-04,,
2020-01-05,,
2020-01-06,,
2020-01-07,,
2020-01-08,339.26001,340.300445787882
2020-01-09,,
2020-01-10,329.049988,330.13786984798816
2020-01-11,,
2020-01-12,,
2020-01-13,,
2020-01-14,,
2020-01-15,339.070007,340.7453102846463
2020-01-16,,
2020-01-17,,
2020-01-18,,
2020-01-19,,
2020-01-20,,
2020-01-21,,
2020-01-22,,
2020-01-23,,
2020-01-24,,
2020-01-25,,
2020-01-26,,
2020-01-27,,
2020-01-28,,
2020-01-29,,
2020-01-30,,
2020-01-31,,
2020-02-01,,
2020-02-02,,
2020-02-03,358.0,356.49478780919344
2020-02-04,,
2020-02-05,,
2020-02-06,,
2020-02-07,,
2020-02-08,,
2020-02-09,,
2020-02-10,,
2020-02-11,,
2020-02-12,,
2020-02-13,381.399994,383.41424007816846
2020-02-14,,
2020-02-15,,
2020-02-16,,
2020-02-17,,
2020-02-18,387.779999,387.5263413602531
2020-02-19,,
2020-02-20,,
2020-02-21,,
2020-02-22,,
2020-02-23,,
2020-02-24,,
2020-02-25,,
2020-02-26,,
2020-02-27,371.709991,387.23053466067586
2020-02-28,,
2020-02-29,,
2020-03-01,,
2020-03-02,,
2020-03-03,,
2020-03-04,,
2020-03-05,,
2020-03-06,368.970001,362.0218107393911
2020-03-07,,
2020-03-08,,
2020-03-09,,
2020-03-10,364.130005,356.0477702936845
2020-03-11,,
2020-03-12,,
2020-03-13,336.299988,316.23452914435336
2020-03-14,,
2020-03-15,,
2020-03-16,,
2020-03-17,,
2020-03-18,315.470001,323.86461704963517
2020-03-19,332.029999,337.4419708977862
2020-03-20,,
2020-03-21,,
2020-03-22,,
2020-03-23,,
2020-03-24,357.320007,358.99490978534527
2020-03-25,,
2020-03-26,,
2020-03-27,,
2020-03-28,,
2020-03-29,,
2020-03-30,,
2020-03-31,,
2020-04-01,364.079987,367.1070241413578
2020-04-02,370.079987,366.33639866489574
2020-04-03,,
2020-04-04,,
2020-04-05,,
2020-04-06,,
2020-04-07,,
2020-04-08,,
2020-04-09,,
2020-04-10,,
2020-04-11,,
2020-04-12,,
2020-04-13,,
2020-04-14,,
2020-04-15,,
2020-04-16,439.170013,443.81032826845643
2020-04-17,,
2020-04-18,,
2020-04-19,,
2020-04-20,437.48999,439.80308240053375
2020-04-21,,
2020-04-22,,
2020-04-23,,
2020-04-24,,
2020-04-25,,
2020-04-26,,
2020-04-27,,
2020-04-28,,
2020-04-29,,
2020-04-30,,
2020-05-01,415.269989,422.9854870864304
2020-05-02,,
2020-05-03,,
2020-05-04,,
2020-05-05,,
2020-05-06,,
2020-05-07,,
2020-05-08,,
2020-05-09,,
2020-05-10,,
2020-05-11,,
2020-05-12,,
2020-05-13,,
2020-05-14,,
2020-05-15,454.190002,449.7666576456661
2020-05-16,,
2020-05-17,,
2020-05-18,,
2020-05-19,,
2020-05-20,447.670013,447.3972472540604
2020-05-21,,
2020-05-22,,
2020-05-23,,
2020-05-24,,
2020-05-25,,
2020-05-26,414.769989,416.7579987155842
2020-05-27,,
2020-05-28,,
2020-05-29,,
2020-05-30,,
2020-05-31,,
2020-06-01,,
2020-06-02,,
2020-06-03,,
2020-06-04,414.329987,417.3066649107108
2020-06-05,,
2020-06-06,,
2020-06-07,,
2020-06-08,,
2020-06-09,,
2020-06-10,434.480011,434.7464169408448
2020-06-11,,
2020-06-12,,
2020-06-13,,
2020-06-14,,
2020-06-15,,
2020-06-16,,
2020-06-17,,
2020-06-18,,
2020-06-19,,
2020-06-20,,
2020-06-21,,
2020-06-22,,
2020-06-23,,
2020-06-24,,
2020-06-25,,
2020-06-26,,
2020-06-27,,
2020-06-28,,
2020-06-29,,
2020-06-30,,
2020-07-01,,
2020-07-02,,
2020-07-03,,
2020-07-04,,
2020-07-05,,
2020-07-06,,
2020-07-07,493.160004,498.3119171431484
2020-07-08,,
2020-07-09,,
2020-07-10,,
2020-07-11,,
2020-07-12,,
2020-07-13,,
2020-07-14,,
2020-07-15,523.26001,522.1088838716616
2020-07-16,,
2020-07-17,,
2020-07-18,,
2020-07-19,,
2020-07-20,502.410004,498.14543768583627
2020-07-21,,
2020-07-22,,
2020-07-23,,
2020-07-24,,
2020-07-25,,
2020-07-26,,
2020-07-27,495.649994,493.12384009688964
2020-07-28,,
2020-07-29,,
2020-07-30,,
2020-07-31,,
2020-08-01,,
2020-08-02,,
2020-08-03,498.619995,500.46248880637046
2020-08-04,,
2020-08-05,,
2020-08-06,,
2020-08-07,494.730011,492.4663597236992
2020-08-08,,
2020-08-09,,
2020-08-10,483.380005,484.62440782614675
2020-08-11,,
2020-08-12,,
2020-08-13,481.329987,481.80335198788526
2020-08-14,,
2020-08-15,,
2020-08-16,,
2020-08-17,,
2020-08-18,,
2020-08-19,,
2020-08-20,,
2020-08-21,,
2020-08-22,,
2020-08-23,,
2020-08-24,,
2020-08-25,,
2020-08-26,547.530029,537.8418844929618
2020-08-27,,
2020-08-28,,
2020-08-29,,
2020-08-30,,
2020-08-31,,
2020-09-01,556.549988,552.7250269147423
2020-09-02,,
2020-09-03,,
2020-09-04,,
2020-09-05,,
2020-09-06,,
2020-09-07,,
2020-09-08,,
2020-09-09,,
2020-09-10,,
2020-09-11,482.029999,484.4728411526595
2020-09-12,,
2020-09-13,,
2020-09-14,,
2020-09-15,,
2020-09-16,,
2020-09-17,,
2020-09-18,469.959991,466.7874979031805
2020-09-19,,
2020-09-20,,
2020-09-21,,
2020-09-22,,
2020-09-23,470.609985,472.82990781353
2020-09-24,,
2020-09-25,,
2020-09-26,,
2020-09-27,,
2020-09-28,,
2020-09-29,,
2020-09-30,500.029999,499.6378861923005
2020-10-01,,
2020-10-02,,
2020-10-03,,
2020-10-04,,
2020-10-05,,
2020-10-06,505.869995,509.3511865420977
2020-10-07,,
2020-10-08,531.789978,527.507838121318
2020-10-09,,
2020-10-10,,
2020-10-11,,
2020-10-12,,
2020-10-13,,
2020-10-14,,
2020-10-15,,
2020-10-16,530.789978,537.5796973928659
2020-10-17,,
2020-10-18,,
2020-10-19,,
2020-10-20,,
2020-10-21,,
2020-10-22,,
2020-10-23,488.279999,484.5137680652428
2020-10-24,,
2020-10-25,,
2020-10-26,488.23999,488.4132043700608
2020-10-27,,
2020-10-28,,
2020-10-29,,
2020-10-30,,
2020-10-31,,
2020-11-01,,
2020-11-02,,
2020-11-03,,
2020-11-04,,
2020-11-05,513.76001,513.9827364364855
2020-11-06,514.72998,505.17391528345826
2020-11-07,,
2020-11-08,,
2020-11-09,,
2020-11-10,,
2020-11-11,,
2020-11-12,,
2020-11-13,,
2020-11-14,,
2020-11-15,,
2020-11-16,,
2020-11-17,480.630005,485.20798055172395
2020-11-18,,
2020-11-19,,
2020-11-20,,
2020-11-21,,
2020-11-22,,
2020-11-23,,
2020-11-24,,
2020-11-25,,
2020-11-26,,
2020-11-27,491.359985,488.08792692482166
2020-11-28,,
2020-11-29,,
2020-11-30,,
2020-12-01,,
2020-12-02,,
2020-12-03,497.519989,501.96243191744526
2020-12-04,,
2020-12-05,,
2020-12-06,,
2020-12-07,,
2020-12-08,,
2020-12-09,,
2020-12-10,,
2020-12-11,503.220001,501.7429397767218
2020-12-12,,
2020-12-13,,
2020-12-14,,
2020-12-15,,
2020-12-16,524.830017,524.203922551209
2020-12-17,,
2020-12-18,,
2020-12-19,,
2020-12-20,,
2020-12-21,528.909973,525.0757879273999
2020-12-22,,
2020-12-23,,
2020-12-24,,
2020-12-25,,
2020-12-26,,
2020-12-27,,
2020-12-28,,
2020-12-29,,
2020-12-30,,
2020-12-31,,
2021-01-01,,
2021-01-02,,
2021-01-03,,
2021-01-04,,
2021-01-05,,
2021-01-06,,
2021-01-07,508.890015,513.5095140104117
2021-01-08,510.399994,507.49266115611914
2021-01-09,,
2021-01-10,,
2021-01-11,,
2021-01-12,,
2021-01-13,,
2021-01-14,,
2021-01-15,,
2021-01-16,,
2021-01-17,,
2021-01-18,,
2021-01-19,501.769989,502.4797831076756
2021-01-20,,
2021-01-21,,
2021-01-22,565.169983,569.586122681462
2021-01-23,,
2021-01-24,,
2021-01-25,,
2021-01-26,561.929993,565.1171415380866
2021-01-27,523.280029,526.5360168331567
2021-01-28,,
2021-01-29,,
2021-01-30,,
2021-01-31,,
2021-02-01,,
2021-02-02,,
2021-02-03,,
2021-02-04,,
2021-02-05,550.789978,548.6642099999222
2021-02-06,,
2021-02-07,,
2021-02-08,,
2021-02-09,,
2021-02-10,,
2021-02-11,557.590027,557.4534715070761
2021-02-12,,
2021-02-13,,
2021-02-14,,
2021-02-15,,
2021-02-16,,
2021-02-17,551.340027,547.948140827704
2021-02-18,,
2021-02-19,,
2021-02-20,,
2021-02-21,,
2021-02-22,,
2021-02-23,,
2021-02-24,553.409973,552.8137830505218
2021-02-25,,
2021-02-26,,
2021-02-27,,
2021-02-28,,
2021-03-01,,
2021-03-02,,
2021-03-03,,
2021-03-04,,
2021-03-05,516.390015,505.9129599783976
2021-03-06,,
2021-03-07,,
2021-03-08,,
2021-03-09,506.440002,509.31947361455775
2021-03-10,,
2021-03-11,,
2021-03-12,,
2021-03-13,,
2021-03-14,,
2021-03-15,,
2021-03-16,,
2021-03-17,,
2021-03-18,,
2021-03-19,,
2021-03-20,,
2021-03-21,,
2021-03-22,,
2021-03-23,,
2021-03-24,520.809998,523.2079601326484
2021-03-25,,
2021-03-26,508.049988,502.6439155772846
2021-03-27,,
2021-03-28,,
2021-03-29,,
2021-03-30,,
2021-03-31,,
2021-04-01,,
2021-04-02,,
2021-04-03,,
2021-04-04,,
2021-04-05,540.669983,533.6036883707079
2021-04-06,,
2021-04-07,,
2021-04-08,,
2021-04-09,555.309998,551.728177322572
2021-04-10,,
2021-04-11,,
2021-04-12,,
2021-04-13,,
2021-04-14,,
2021-04-15,549.219971,550.5946625754491
2021-04-16,,
2021-04-17,,
2021-04-18,,
2021-04-19,,
2021-04-20,,
2021-04-21,,
2021-04-22,,
2021-04-23,,
2021-04-24,,
2021-04-25,,
2021-04-26,,
2021-04-27,,
2021-04-28,,
2021-04-29,,
2021-04-30,513.469971,512.9502494195051
2021-05-01,,
2021-05-02,,
2021-05-03,,
2021-05-04,503.179993,500.1732269310883
2021-05-05,,
2021-05-06,,
2021-05-07,,
2021-05-08,,
2021-05-09,,
2021-05-10,,
2021-05-11,495.079987,493.35584043603035
2021-05-12,,
2021-05-13,,
2021-05-14,493.369995,492.5660438161844
2021-05-15,,
2021-05-16,,
2021-05-17,,
2021-05-18,,
2021-05-19,487.700012,484.7899990259427
2021-05-20,,
2021-05-21,,
2021-05-22,,
2021-05-23,,
2021-05-24,,
2021-05-25,,
2021-05-26,502.359985,502.56666656647815
2021-05-27,,
2021-05-28,,
2021-05-29,,
2021-05-30,,
2021-05-31,,
2021-06-01,,
2021-06-02,,
2021-06-03,489.429993,490.12098642518606
2021-06-04,,
2021-06-05,,
2021-06-06,,
2021-06-07,,
2021-06-08,,
2021-06-09,,
2021-06-10,,
2021-06-11,,
2021-06-12,,
2021-06-13,,
2021-06-14,,
2021-06-15,,
2021-06-16,,
2021-06-17,,
2021-06-18,,
2021-06-19,,
2021-06-20,,
2021-06-21,,
2021-06-22,,
2021-06-23,,
2021-06-24,518.059998,517.773223926418
2021-06-25,,
2021-06-26,,
2021-06-27,,
2021-06-28,,
2021-06-29,,
2021-06-30,,
2021-07-01,,
2021-07-02,,
2021-07-03,,
2021-07-04,,
2021-07-05,,
2021-07-06,,
2021-07-07,,
2021-07-08,530.76001,533.4235057628705
2021-07-09,535.97998,535.0069746843974
2021-07-10,,
2021-07-11,,
2021-07-12,,
2021-07-13,,
2021-07-14,,
2021-07-15,,
2021-07-16,,
2021-07-17,,
2021-07-18,,
2021-07-19,,
2021-07-20,,
2021-07-21,,
2021-07-22,,
2021-07-23,,
2021-07-24,,
2021-07-25,,
2021-07-26,,
2021-07-27,,
2021-07-28,,
2021-07-29,,
2021-07-30,,
2021-07-31,,
2021-08-01,,
2021-08-02,,
2021-08-03,510.820007,508.11858491100764
2021-08-04,,
2021-08-05,,
2021-08-06,,
2021-08-07,,
2021-08-08,,
2021-08-09,,
2021-08-10,,
2021-08-11,,
2021-08-12,,
2021-08-13,,
2021-08-14,,
2021-08-15,,
2021-08-16,,
2021-08-17,,
2021-08-18,,
2021-08-19,,
2021-08-20,,
2021-08-21,,
2021-08-22,,
2021-08-23,,
2021-08-24,553.409973,553.0031405061834
2021-08-25,,
2021-08-26,,
2021-08-27,558.919983,559.827362318943
2021-08-28,,
2021-08-29,,
2021-08-30,566.179993,564.6776441603415
2021-08-31,,
2021-09-01,,
2021-09-02,,
2021-09-03,,
2021-09-04,,
2021-09-05,,
2021-09-06,,
2021-09-07,606.710022,609.7379291820525
2021-09-08,,
2021-09-09,,
2021-09-10,598.719971,603.7545147292444
2021-09-11,,
2021-09-12,,
2021-09-13,,
2021-09-14,,
2021-09-15,,
2021-09-16,,
2021-09-17,589.349976,584.5238201005134
2021-09-18,,
2021-09-19,,
2021-09-20,575.429993,575.2291640261467
2021-09-21,,
2021-09-22,,
2021-09-23,593.26001,596.5041940266069
2021-09-24,,
2021-09-25,,
2021-09-26,,
2021-09-27,,
2021-09-28,,
2021-09-29,599.059998,605.146370828078
2021-09-30,,
2021-10-01,,
2021-10-02,,
2021-10-03,,
2021-10-04,,
2021-10-05,,
2021-10-06,,
2021-10-07,,
2021-10-08,632.659973,639.4906221626818
2021-10-09,,
2021-10-10,,
2021-10-11,,
2021-10-12,,
2021-10-13,,
2021-10-14,,
2021-10-15,,
2021-10-16,,
2021-10-17,,
2021-10-18,,
2021-10-19,,
2021-10-20,,
2021-10-21,,
2021-10-22,,
2021-10-23,,
2021-10-24,,
2021-10-25,,
2021-10-26,,
2021-10-27,662.919983,665.4808758235633
2021-10-28,674.049988,673.7316425979786
2021-10-29,,
2021-10-30,,
2021-10-31,,
2021-11-01,,
2021-11-02,,
2021-11-03,,
2021-11-04,,
2021-11-05,,
2021-11-06,,
2021-11-07,,
2021-11-08,,
2021-11-09,,
2021-11-10,,
2021-11-11,,
2021-11-12,,
2021-11-13,,
2021-11-14,,
2021-11-15,,
2021-11-16,,
2021-11-17,,
2021-11-18,,
2021-11-19,,
2021-11-20,,
2021-11-21,,
2021-11-22,,
2021-11-23,,
2021-11-24,,
2021-11-25,,
2021-11-26,,
2021-11-27,,
2021-11-28,,
2021-11-29,,
2021-11-30,,
2021-12-01,,
2021-12-02,,
2021-12-03,,
2021-12-04,,
2021-12-05,,
2021-12-06,,
2021-12-07,,
2021-12-08,628.080017,626.73504639607
2021-12-09,,
2021-12-10,,
2021-12-11,,
2021-12-12,,
2021-12-13,,
2021-12-14,,
2021-12-15,,
2021-12-16,,
2021-12-17,,
2021-12-18,,
2021-12-19,,
2021-12-20,593.73999,597.8625745497609
2021-12-21,,
2021-12-22,,
2021-12-23,,
2021-12-24,,
2021-12-25,,
2021-12-26,,
2021-12-27,,
2021-12-28,610.710022,613.6940303705146
2021-12-29,,
2021-12-30,,
2021-12-31,602.440002,606.9286558189146
2022-01-01,,
2022-01-02,,
2022-01-03,597.369995,596.8480324338204
2022-01-04,591.150024,585.5392750422884
2022-01-05,,
2022-01-06,,
2022-01-07,,
2022-01-08,,
2022-01-09,,
2022-01-10,,
2022-01-11,,
2022-01-12,,
2022-01-13,,
2022-01-14,,
2022-01-15,,
2022-01-16,,
2022-01-17,,
2022-01-18,,
2022-01-19,,
2022-01-20,508.25,516.9337082502345
2022-01-21,,
2022-01-22,,
2022-01-23,,
2022-01-24,,
2022-01-25,,
2022-01-26,,
2022-01-27,,
2022-01-28,,
2022-01-29,,
2022-01-30,,
2022-01-31,427.140015,420.64585720217605
2022-02-01,,
2022-02-02,,
2022-02-03,,
2022-02-04,410.170013,403.2385651829437
